[
  {
    "name": "Oleg",
    "age": 35,
    "position": [
      "Founder",
      "SEO",
      "coder"
    ],
    "skills": [
      "java",
      "python",
      "node",
      "kotlin"
    ],
    "salary": {
      "2018": 14000,
      "2012": 12000,
      "2010": 10000
    }
  },
  {
    "name": "Anna",
    "age": 30,
    "position": [
      "Manager",
      "Marketing"
    ],
    "skills": [
      "marketing",
      "sales",
      "management"
    ],
    "salary": {
      "2017": 11000,
      "2015": 9000,
      "2020": 13000
    }
  }
]